1: What river flows through Seville?,Guadalquivir,Ebro,Tajo,Duero,0,Sevilla
2: What is the name of Seville's famous royal palace?,Alhambra,Alcázar,Mezquita,Generalife,1,Sevilla
3: In which autonomous community is Seville located?,Catalonia,Andalusia,Extremadura,Castile-La Mancha,1,Sevilla
4: Seville's cathedral was built on the site of a former what?,Roman temple,Mosque,Synagogue,Castle,1,Sevilla
5: What is the name of Seville's iconic bell tower?,Torre del Oro,Giralda,Torre del Homenaje,Torre de la Plata,1,Sevilla
6: Which world fair was held in Seville in 1992?,Expo 92,World's Fair 92,Sevilla 92,Universal Expo 92,0,Sevilla
7: What is the traditional dance closely associated with Seville?,Flamenco,Salsa,Tango,Pasodoble,0,Sevilla
8: Which neighborhood in Seville is known for its narrow streets and orange trees?,Triana,Santa Cruz,Los Remedios,Macarena,1,Sevilla
9: What is the name of Seville's annual spring fair?,Semana Santa,Feria de Abril,Feria de Agosto,Carnaval,1,Sevilla
10: Which Spanish painter from Seville is famous for 'Las Meninas'?,El Greco,Francisco Goya,Diego Velázquez,Pablo Picasso,2,Sevilla
11: Seville is the capital of which province?,Cádiz,Málaga,Sevilla,Córdoba,2,Sevilla
12: What is the name of the golden tower along Seville's river?,Torre del Oro,Torre del Plata,Torre de la Giralda,Torre de la Plata,0,Sevilla
13: Which Roman emperor was born in Italica near Seville?,Julius Caesar,Augustus,Trajan,Nero,2,Sevilla
14: What is the typical Sevillian tapas dish of fried fish called?,Patatas bravas,Pescaito frito,Croquetas,Tortilla,1,Sevilla
15: Which famous opera is set in Seville?,La Traviata,Carmen,The Magic Flute,Rigoletto,1,Sevilla
16: What is Seville's main train station called?,Santa Justa,Atocha,Sants,Estación de Sevilla,0,Sevilla
17: Which plaza in Seville features a large semi-circular building with canals?,Plaza Mayor,Plaza de España,Plaza Nueva,Plaza del Triunfo,1,Sevilla
18: What is the name of Seville's bullring?,La Maestranza,Las Ventas,La Monumental,Plaza de Toros de Sevilla,0,Sevilla
19: Seville's Holy Week is known as what?,Feria de Abril,Semana Santa,Navidad,Romería,1,Sevilla
20: Which king's palace is inside the Alcázar of Seville?,King Ferdinand,King Alfonso X,King Pedro I,King Charles V,2,Sevilla
21: What is the name of the river island in Seville that hosted Expo 92?,Isla Mágica,Isla de la Cartuja,Isla de los Pájaros,Isla Verde,1,Sevilla
22: Which neighborhood across the river is famous for its ceramic tradition?,Santa Cruz,Macarena,Triana,Nervión,2,Sevilla
23: What cold soup originates from the Seville region?,Gazpacho,Salmorejo,Ajoblanco,Sopa de ajo,1,Sevilla
24: Which famous Sevillian painter was known for his 'Blue Period'?,Velázquez,Murillo,Zuloaga,Picasso,3,Sevilla
25: Which Seville football club plays at the Ramón Sánchez Pizjuán?,Real Betis,Sevilla FC,Real Madrid,Barcelona,1,Sevilla
26: What is the nickname of Real Betis?,Los Blancos,Los Culés,Los Verdiblancos,Los Colchoneros,2,Sevilla
27: Which Seville football club plays at the Benito Villamarín?,Sevilla FC,Real Betis,Atlético Madrid,Valencia,1,Sevilla
28: What is the name of Seville's amusement park?,PortAventura,Isla Mágica,Tívoli World,Parque de Atracciones,1,Sevilla
29: The Giralda was originally built as what type of structure?,Church tower,Minaret,Watchtower,Lighthouse,1,Sevilla
30: What year did Seville host the Ibero-American Exposition?,1929,1935,1945,1919,0,Sevilla
31: Which drink is Seville most famous for producing?,Wine,Beer,Orange juice,Olive oil,2,Sevilla
32: What is the name of Seville's main university?,Universidad de Sevilla,Universidad Pablo de Olavide,Universidad Hispalense,Universidad Andaluza,0,Sevilla
33: How many sides does the Plaza de España building have?,Semi-circle,Full circle,Square,Triangle,0,Sevilla
34: Which architect designed the Plaza de España?,Antoni Gaudí,Aníbal González,Santiago Calatrava,Rafael Moneo,1,Sevilla
35: Seville's tobacco factory is now part of which university?,Universidad de Sevilla,Universidad Pablo de Olavide,Universidad Complutense,UNED,0,Sevilla
36: Which famous fictional character is a barber from Seville?,Don Juan,Figaro,Carmen,Leporello,1,Sevilla
37: What type of orange tree lines Seville's streets?,Bitter orange,Navel orange,Blood orange,Valencia orange,0,Sevilla
38: Which Roman city ruins are just outside Seville?,Pompeii,Italica,Emerita Augusta,Tarraco,1,Sevilla
39: What is the name of Seville's main shopping street?,Calle Sierpes,Calle Tetuán,Avenida de la Constitución,Calle de la Feria,0,Sevilla
40: Which museum in Seville houses art by Murillo?,Museo del Prado,Museo de Bellas Artes,Museo Thyssen,CAAC,1,Sevilla
41: What is the name of Seville's modern art museum?,Museo del Prado,CAAC,Museo Reina Sofía,Museo Guggenheim,1,Sevilla
42: Seville was an important port after what year?,1492,1498,1502,1510,0,Sevilla
43: Which trade did Seville have a monopoly on in the 16th century?,Spice trade,Silk trade,New World trade,Slave trade,2,Sevilla
44: What is the name of the archive in Seville containing colonial documents?,Archivo de Indias,Archivo Nacional,Archivo Histórico,Biblioteca Nacional,0,Sevilla
45: The Archive of the Indies is a UNESCO what?,World Heritage Site,Biosphere Reserve,Creative City,Global Geopark,0,Sevilla
46: Which of these is a UNESCO World Heritage Site in Seville?,Alcázar,Triana Market,La Maestranza,Isla Mágica,0,Sevilla
47: What is the typical sweet pastry from Seville called?,Churros,Polvorones,Pestinos,Torrijas,2,Sevilla
48: Which famous Spanish explorer sailed from Seville?,Hernán Cortés,Francisco Pizarro,Ferdinand Magellan,Juan Ponce de León,2,Sevilla
49: What is the name of the magical island theme park in Seville?,Isla Mágica,Tierra Mágica,Mundo Mágico,Parque Mágico,0,Sevilla
50: Seville's Semana Santa features elaborate what?,Fireworks,Floats (Pasos),Costume parties,Concerts,1,Sevilla
51: Which drink is famously served cold in Seville's summer?,Sangría,Tinto de verano,Rebujito,Cava,1,Sevilla
52: What is the name of Seville's largest park?,Parque de María Luisa,Parque del Alamillo,Parque de los Príncipes,Jardines de Murillo,0,Sevilla
53: What is the name of Seville's main opera house?,Teatro de la Maestranza,Teatro Lope de Vega,Teatro Central,Teatro Alameda,0,Sevilla
54: Seville's March 8th street is named after what?,A saint,A battle,International Women's Day,A king,2,Sevilla
55: What is the color of the Seville city flag?,Red and gold,Green and white,Blue and white,Purple and gold,0,Sevilla
56: Which neighborhood is famous for its flamenco tablaos?,Triana,Santa Cruz,Los Remedios,El Arenal,0,Sevilla
57: What is the name of the tapas bar district in Seville?,Calle Betis,Calle Sierpes,Calle del Agua,Plaza de la Alfalfa,0,Sevilla
58: Which pastry is traditionally eaten during Semana Santa in Seville?,Torrijas,Churros,Polvorones,Mantecados,0,Sevilla
59: What is the Seville Airport named after?,San Pablo,Barajas,El Prat,Manises,0,Sevilla
60: How many Alcázar gardens are there?,1,3,6,10,2,Sevilla
61: What is the name of the Royal Tobacco Factory building in Seville?,Fábrica de Tabacos,Real Fábrica de Tabacos,Fábrica Real,Antigua Fábrica,1,Sevilla
62: Which 18th-century earthquake damaged Seville's cathedral?,Lisbon 1755,Andalusia 1755,Seville 1755,Spain 1755,0,Sevilla
63: What is the top of the Giralda called?,Weather vane,Cross,Statue of Faith,Sun dial,2,Sevilla
64: Which Roman god is depicted on the Giralda's statue?,Jupiter,Mercury,Apollo,Mars,1,Sevilla
65: Seville's Alcázar was used as a filming location for which TV show?,Game of Thrones,Vikings,The Crown,Outlander,0,Sevilla
66: What is the name of the old Jewish quarter in Seville?,Juderia,Barrio de Santa Cruz,Barrio de Triana,Morería,1,Sevilla
67: What day is Seville's Feria de Abril typically held?,January,March,April,June,2,Sevilla
68: What is the traditional dress worn during Feria de Abril?,Traje de flamenca,Traje de luces,Traje de gitana,Vestido de faralaes,0,Sevilla
69: Which Seville tapas dish is made with potatoes and spicy sauce?,Patatas bravas,Pescaito frito,Jamón ibérico,Tortilla española,0,Sevilla
70: Seville is located on which river?,Guadiana,Guadalquivir,Ebro,Tajo,1,Sevilla
71: What is the name of the Seville-based flamenco guitarist?,Paco de Lucía,Carlos Santana,Andrés Segovia,Joaquín Cortés,0,Sevilla
72: Seville's Casa de Pilatos is an example of which architectural style?,Gothic,Baroque,Mudéjar,Renaissance,2,Sevilla
73: Which building houses Seville's City Hall?,Ayuntamiento,Casa de la Ciudad,Palacio Municipal,Cabildo,0,Sevilla
74: What is the Seville coat of arms motto?,No me ha dejado,Sevilla tiene un color especial,El pueblo de Sevilla,Reino de Sevilla,0,Sevilla
75: Which king was born in Seville?,Alfonso X,Ferdinand III,Philip II,Charles II,0,Sevilla
76: What is the name of Seville's oldest church?,Iglesia de San Juan de la Palma,Iglesia del Salvador,Iglesia de Santa Ana,Iglesia de San Marcos,2,Sevilla
77: Which painter from Seville is known for 'The Immaculate Conception'?,Murillo,Velázquez,Zurbarán,El Greco,0,Sevilla
78: What type of Expo was held in Seville in 1992?,World's Fair,Horticultural Expo,Technology Expo,Maritime Expo,0,Sevilla
79: What is the name of the bridge in Seville designed by Santiago Calatrava?,Puente del Alamillo,Puente de Triana,Puente de la Barqueta,Puente de los Remedios,0,Sevilla
80: Which soap opera was famously set in Seville?,El Corazón de Sevilla,Arrayán,"Sevilla, ciudad de amor",La Promesa,1,Sevilla
81: What is the name of Seville's main market?,Mercado de Triana,Mercado de la Encarnación,Mercado de la Lonja,Mercado Central,1,Sevilla
82: Which modern structure houses Seville's central market?,Setas de Sevilla,Torre del Oro,Giralda,Plaza de España,0,Sevilla
83: Metropol Parasol in Seville is nicknamed what?,Las Setas,El Paraguas,La Sombra,El Hongo,0,Sevilla
84: What is the name of the Roman amphitheater in Italica?,Teatro Romano,Anfiteatro Romano,Coliseo,Arena,1,Sevilla
85: What was Italica's most famous export?,Olive oil,Wine,Fish sauce,Pottery,0,Sevilla
86: Seville's Torre del Oro was originally used for what?,Prison,Watchtower,Treasury,Lighthouse,1,Sevilla
87: What is the famous dish of spinach and chickpeas from Seville?,Espinacas con garbanzos,Espinacas a la sevillana,Garbanzos con espinacas,Potaje de espinacas,0,Sevilla
88: Which museum is housed in the former Convent of Santa Clara?,Museo de Bellas Artes,Museo del Baile Flamenco,CAAC,Museo Arqueológico,2,Sevilla
89: What is the name of Seville's flamenco museum?,Museo del Baile Flamenco,Museo Flamenco,Tablao Flamenco,Casa del Flamenco,0,Sevilla
90: Which famous American writer lived in Seville?,Ernest Hemingway,Mark Twain,Washington Irving,James Joyce,2,Sevilla
91: What is Seville's patron saint?,Santa Justa,Santa Rufina,Virgen de los Reyes,San Fernando,2,Sevilla
92: What is the name of the Holy Week brotherhoods in Seville?,Cofradías,Hermandades,Cofradías y Hermandades,Pasos,1,Sevilla
93: During which century did Seville reach its peak population as a port?,15th,16th,17th,18th,1,Sevilla
94: What is the name of the cave-like flamenco venues in Seville?,Tablaos,Peñas,Bares,Cuevas,1,Sevilla
95: Which king conquered Seville from the Moors in 1248?,Alfonso X,Ferdinand III,Charles I,Philip II,1,Sevilla
96: What is the name of Seville's April Fair entrance gate?,Portada de la Feria,Puerta de la Feria,Arco de la Feria,Portal de la Feria,0,Sevilla
97: Seville's Feria de Abril was originally a what?,Horse fair,Food festival,Religious festival,Music festival,0,Sevilla
98: What is the typical dessert from Seville called 'Tocino de Cielo'?,Heaven's bacon,Sky bacon,Sugar bacon,Sweet bacon,0,Sevilla
99: What is the name of Seville's annual film festival?,Festival de Cine de Sevilla,Semana del Cine de Sevilla,Muestra de Cine de Sevilla,Cine Sevilla Fest,0,Sevilla
100: Which famous bullfighter is from Seville?,Manolete,El Cordobés,Curro Romero,José Tomás,2,Sevilla
101: Which country is the world's largest coffee producer?,Colombia,Vietnam,Brazil,Ethiopia,2,Coffee
102: What are the two main species of coffee beans?,Arabica and Robusta,Arabica and Liberica,Robusta and Excelsa,Arabica and Excelsa,0,Coffee
103: Which coffee drink is made with espresso and steamed milk foam?,Latte,Cappuccino,Americano,Mocha,1,Coffee
104: What is a flat white?,Espresso with thin microfoam,Espresso with cream,Black coffee,Latte with syrup,0,Coffee
105: Which country is credited with discovering coffee?,Brazil,Ethiopia,Yemen,Colombia,1,Coffee
106: What is a cortado?,Espresso cut with milk,Espresso cut with water,Cold brew,Iced latte,0,Coffee
107: Which city is famous for its coffee culture in Italy?,Rome,Milan,Venice,Naples,1,Coffee
108: What is the process of removing caffeine from coffee called?,Decaffeination,Caffeine extraction,Degassing,Roasting,0,Coffee
109: Which country drinks the most coffee per capita?,USA,Finland,Italy,Brazil,1,Coffee
110: What is a macchiato?,Espresso with a spot of milk,Milk with a spot of espresso,Espresso with foam,Steamed milk,0,Coffee
111: What is cold brew?,Coffee brewed with cold water,Iced coffee,Espresso over ice,Blended coffee,0,Coffee
112: Which roast is the lightest?,Light roast,Medium roast,Dark roast,Espresso roast,0,Coffee
113: What is the name of the coffee cherry's seed?,Bean,Pit,Nucleus,Kernel,0,Coffee
"114: Which drink combines espresso, chocolate, and milk?",Latte,Mocha,Cappuccino,Affogato,1,Coffee
115: What is an affogato?,Espresso over ice cream,Espresso with milk,Frozen coffee,Coffee with liquor,0,Coffee
116: Which country invented the espresso machine?,France,Italy,Austria,Germany,1,Coffee
117: What year was the first espresso machine patented?,1884,1901,1920,1945,0,Coffee
118: What is a ristretto?,Short espresso,Long espresso,Decaf espresso,Double espresso,0,Coffee
119: Which coffee chain is the largest in the world?,Dunkin',Costa Coffee,Starbucks,Tim Hortons,2,Coffee
120: What is a pour-over coffee maker called?,Chemex,French press,Aeropress,Moka pot,0,Coffee
121: Which coffee brewing method uses a metal plunger?,Chemex,French press,Aeropress,V60,1,Coffee
122: What is Kopi Luwak?,Coffee from civet droppings,Rare Arabica,Ethiopian wild coffee,Aged coffee,0,Coffee
123: Which coffee drink is made by pouring espresso over ice?,Iced latte,Iced coffee,Espresso tonic,Affogato,0,Coffee
124: What is the crema on espresso?,Golden foam,Bittern layer,Sugar layer,Cream layer,0,Coffee
125: Which country is the birthplace of the cappuccino?,France,Italy,Austria,Switzerland,1,Coffee
126: What does 'café au lait' mean?,Coffee with milk,Coffee with cream,Black coffee,Coffee with sugar,0,Coffee
127: What is a latte macchiato?,Milk with espresso poured on top,Espresso with milk foam,Layered coffee,Iced latte,0,Coffee
128: Which coffee-growing region is known for its bright acidity?,Brazil,Ethiopia,Vietnam,Indonesia,1,Coffee
129: What is the perfect water temperature for brewing coffee?,85-90°C,90-96°C,96-100°C,80-85°C,1,Coffee
130: What is a Turkish coffee traditionally cooked in?,Ibrik,Moka pot,French press,Espresso machine,0,Coffee
131: Which coffee drink contains a shot of espresso in hot water?,Americano,Long black,Filter coffee,Drip coffee,0,Coffee
132: What is the difference between a latte and a cappuccino?,Milk texture,Coffee amount,Size,Temperature,0,Coffee
133: Which country consumes the most coffee overall?,USA,Brazil,Germany,Japan,0,Coffee
134: What is a doppio?,Double espresso,Single espresso,Long espresso,Decaf espresso,0,Coffee
135: Which popular coffee drink originated in Greece?,Frappé,Freddo,Cortado,Galão,0,Coffee
136: What is a red eye coffee?,Coffee with espresso,Coffee with cream,Coffee with syrup,Iced coffee,0,Coffee
137: Which brand is known for its red logo and instant coffee?,Nescafé,Folgers,Maxwell House,Taster's Choice,0,Coffee
138: What is a moka pot?,Stovetop espresso maker,Electric espresso machine,Pour-over dripper,Vacuum coffee maker,0,Coffee
139: Which country invented instant coffee?,USA,UK,New Zealand,France,2,Coffee
140: What is the term for coffee tasting?,Cupping,Tasting,Sampling,Sipping,0,Coffee
141: Which coffee drink is half espresso and half hot water?,Long black,Americano,Lungo,Ristretto,0,Coffee
142: What is an espresso lungo?,Long pull espresso,Short pull espresso,Decaf espresso,Double espresso,0,Coffee
143: Which coffee chain originated in Seattle?,Starbucks,Dunkin',Caribou,Peet's,0,Coffee
144: What year did Starbucks open its first store?,1961,1971,1981,1991,1,Coffee
145: Which coffee drink contains no espresso?,Filter coffee,Latte,Cappuccino,Mocha,0,Coffee
146: What is a Gibraltar coffee?,Cortado served in a glass,Americano,Cold brew,Latte,0,Coffee
147: Which country is known for its coffee ceremony?,Ethiopia,Brazil,Italy,Japan,0,Coffee
148: What is a phin filter used for?,Vietnamese coffee,Turkish coffee,Indian filter coffee,Thai coffee,0,Coffee
"149: Which coffee is known for its earthy, syrupy body?",Sumatra,Ethiopia Yirgacheffe,Kenya AA,Colombia Supremo,0,Coffee
150: What does 'single origin' mean in coffee?,Coffee from one location,Single bean type,Single roast,Single serving,0,Coffee
151: Which coffee has the highest caffeine content?,Robusta,Arabica,Liberica,Excelsa,0,Coffee
152: What is a coffee taster called?,Cupper,Sommelier,Barista,Roaster,0,Coffee
153: What is the ideal coffee-to-water ratio for drip coffee?,1:15,1:10,1:20,1:5,0,Coffee
154: Which country created the iced coffee trend?,Japan,USA,Australia,Greece,1,Coffee
155: What is a flat white's origin country?,Australia/New Zealand,Italy,UK,USA,0,Coffee
156: Which Italian city is the espresso machine from?,Milan,Turin,Naples,Rome,0,Coffee
157: What is a piccolo latte?,Small latte in a demitasse,Mini cappuccino,Short macchiato,Babyccino,0,Coffee
158: Which coffee drink is a regular at Portuguese cafés?,Galão,Cortado,Latte,Mocha,0,Coffee
159: What is the coffee cherry's outer layer called?,Pulp,Skin,Mucilage,Husk,1,Coffee
160: Which process dries coffee beans inside the fruit?,Natural,Washed,Honey,Semi-washed,0,Coffee
161: What is a white coffee?,Coffee with milk,Light roast,Decaf,Coffee with cream,0,Coffee
162: Which company sells the most coffee pods?,Nespresso,Keurig,Dolce Gusto,Lavazza,1,Coffee
163: What is a coffee bloom?,Gas release when hot water hits grounds,Coffee flower,Mold on beans,Crema formation,0,Coffee
164: Which country grows Geisha coffee?,Panama,Ethiopia,Costa Rica,Kenya,0,Coffee
165: What is the SCA?,Specialty Coffee Association,Standard Coffee Association,Specialty Coffee Alliance,Supreme Coffee Association,0,Coffee
166: What is a Maragogype coffee?,Elephant bean coffee,Peaberry coffee,Wild coffee,Organic coffee,0,Coffee
167: Which city has the most coffee shops per capita?,Melbourne,Seattle,Portland,London,0,Coffee
168: What is the third wave of coffee?,Artisan coffee movement,Instant coffee,Chain coffee,Frozen coffee,0,Coffee
169: Which coffee drink was popularized in Vietnam?,Cà phê sữa đá,Kopi,Flat white,Latte,0,Coffee
170: What is cà phê sữa đá?,Vietnamese iced coffee with condensed milk,Thai iced coffee,Iced latte,Cold brew,0,Coffee
171: Which country grows Blue Mountain coffee?,Jamaica,Hawaii,Colombia,Costa Rica,0,Coffee
172: What is the name of Japanese slow-drip coffee?,Kyoto-style,Siphon,Pour-over,Cold brew,0,Coffee
173: Which fruit contains the coffee bean?,Cherry,Berry,Apple,Grape,0,Coffee
174: What is organic coffee?,Coffee grown without synthetic chemicals,Natural coffee,Wild coffee,Free-trade coffee,0,Coffee
175: What is a coffee roaster's primary tool?,Roasting drum,Oven,Pan,Grinder,0,Coffee
176: Which country invented the coffee filter?,Germany,USA,Italy,Japan,0,Coffee
177: Who invented the Melitta coffee filter?,Melitta Bentz,Mr. Coffee,James Spangler,Charles Strite,0,Coffee
178: What is a latte art staple design?,Rosetta,Tulip,Heart,All of the above,3,Coffee
179: Which milk alternative foams best for lattes?,Oat milk,Almond milk,Soy milk,Coconut milk,0,Coffee
180: What is the highest grade of specialty coffee?,Specialty grade,Premium grade,Grade 1,AAA grade,0,Coffee
181: Which color is Starbucks' logo?,Green,Red,Black,White,0,Coffee
182: What is a nitro cold brew?,Cold brew infused with nitrogen,Carbonated cold brew,Iced coffee,Espresso with soda,0,Coffee
183: Which country drinks the most coffee in Europe?,Finland,Italy,Germany,France,0,Coffee
184: What is a café bombón?,Espresso with condensed milk,Espresso with cream,Iced coffee,Coffee with liquor,0,Coffee
185: Which famous coffee brand is shaped like a red can?,Folgers,Nescafé,Maxwell House,Café Bustelo,0,Coffee
186: What is the Peet's coffee chain named after?,Alfred Peet,Mr. Peet,Peter Peet,Peet family,0,Coffee
187: Which country grows 100% Robusta as its main crop?,Vietnam,Brazil,Colombia,Ethiopia,0,Coffee
188: What is the honey process in coffee?,Drying with mucilage intact,Washing with honey,Sweet roasting,Sugar fermentation,0,Coffee
189: Which element is crucial for coffee flavor development during roasting?,Maillard reaction,Caramelization,Oxidation,Fermentation,0,Coffee
190: What is the standard espresso shot size in Italy?,25-30 ml,40-50 ml,15-20 ml,50-60 ml,0,Coffee
191: Which country created the Dalgona coffee trend?,South Korea,Japan,Philippines,Thailand,0,Coffee
192: What is Dalgona coffee?,Whipped coffee,Instant coffee,Korean coffee,Iced coffee,0,Coffee
"193: Which coffee drink name means ""stained"" in Italian?",Macchiato,Cortado,Latte,Mocha,0,Coffee
194: What is the oldest coffee company in the world?,Café de la Paix,Starbucks,Peet's,Illy,3,Coffee
195: What year was Illy founded?,1933,1945,1950,1920,0,Coffee
196: Which country invented the coffee syphon?,Germany,France,UK,USA,1,Coffee
197: What is a cortadito?,Cuban espresso with steamed milk,Spanish cortado,Puerto Rican coffee,Mexican latte,0,Coffee
198: Which city hosts the World Barista Championship?,Various cities,London,Seattle,Milan,0,Coffee
199: What is the name of the beans used in espresso blends?,Blend,Mono-origin,Single-estate,Microlot,0,Coffee
200: Which coffee has a distinctive jasmine aroma?,Ethiopian Yirgacheffe,Colombian Supremo,Sumatra Mandheling,Costa Rican Tarrazu,0,Coffee
201: Which company created Mario?,Sega,Nintendo,Sony,Microsoft,1,Gaming
202: What year was the original Super Mario Bros. released?,1983,1985,1987,1990,1,Gaming
203: Which game series features Master Chief?,Halo,Call of Duty,Destiny,Gears of War,0,Gaming
204: What does FPS stand for in gaming?,First Person Shooter,Frames Per Second,Fast Player Score,Fighting Power System,0,Gaming
205: Which console is the best-selling of all time?,PS2,PS4,Nintendo Switch,Game Boy,0,Gaming
206: Which game features the battle royale mode called 'The Loop'?,Fortnite,Apex Legends,Call of Duty,PUBG,0,Gaming
207: What is the name of Link's fairy companion in Zelda?,Navi,Tatl,Fi,Midna,0,Gaming
208: Which game is the best-selling of all time?,Minecraft,Tetris,GTA V,Wii Sports,0,Gaming
209: Who created the Pokémon franchise?,Shigeru Miyamoto,Satoshi Tajiri,Ken Sugimori,Junichi Masuda,1,Gaming
210: What is the highest-grossing video game franchise?,Pokémon,Mario,Call of Duty,FIFA,0,Gaming
211: Which game series features Kratos?,God of War,Assassin's Creed,Devil May Cry,Darksiders,0,Gaming
212: What does RPG stand for?,Role-Playing Game,Real Player Game,Rapid Play Gaming,Random Player Game,0,Gaming
213: Which company developed The Witcher 3?,CD Projekt Red,Bethesda,Ubisoft,BioWare,0,Gaming
214: What year was Minecraft released?,2009,2011,2013,2015,1,Gaming
215: Which game popularized the battle royale genre?,Fortnite,PUBG,H1Z1,Apex Legends,1,Gaming
216: Which console is Nintendo's first home console?,NES,SNES,Nintendo 64,Wii,0,Gaming
217: What is the name of Sonic's sidekick?,Tails,Knuckles,Amy,Shadow,0,Gaming
218: Which game won Game of the Year at The Game Awards 2023?,Baldur's Gate 3,Tears of the Kingdom,Spider-Man 2,Elden Ring,0,Gaming
219: Which game won Game of the Year at The Game Awards 2022?,Elden Ring,God of War Ragnarök,Horizon Forbidden West,Stray,0,Gaming
220: Which studio developed Grand Theft Auto?,Rockstar,Ubisoft,EA,Activision,0,Gaming
221: What year was the PlayStation 2 released?,1999,2000,2001,2002,1,Gaming
222: Which game features the protagonist named Geralt?,The Witcher,Skyrim,Dragon Age,Dark Souls,0,Gaming
223: What is the name of the main character in the Legend of Zelda?,Link,Zelda,Ganon,Epona,0,Gaming
224: Which game features the 'Minecraft' universe?,Minecraft,Terraria,Roblox,Fortnite,0,Gaming
225: What is the name of the company that makes Xbox?,Microsoft,Sony,Nintendo,Sega,0,Gaming
226: Which game features Solid Snake?,Metal Gear Solid,Call of Duty,Splinter Cell,Hitman,0,Gaming
227: What is Lara Croft's profession?,Archaeologist,Treasure hunter,Explorer,Professor,0,Gaming
228: Which game series features the character Nathan Drake?,Uncharted,Tomb Raider,The Last of Us,Far Cry,0,Gaming
229: What year was the Nintendo Switch released?,2015,2016,2017,2018,2,Gaming
230: Which of these is an eSports game?,League of Legends,The Witcher 3,Red Dead Redemption,Cyberpunk 2077,0,Gaming
231: What does MOBA stand for?,Multiplayer Online Battle Arena,Massive Online Battle Arena,Multiplayer Online Battle Area,Multiplayer Online Boss Arena,0,Gaming
232: Which game is known as 'Riot Games' flagship title?,League of Legends,Valorant,Teamfight Tactics,Legends of Runeterra,0,Gaming
233: What is the name of the battle royale game by Epic Games?,Fortnite,Apex Legends,PUBG,Warzone,0,Gaming
234: Which company makes the PlayStation?,Sony,Microsoft,Nintendo,Sega,0,Gaming
235: Which game series features the character Samus Aran?,Metroid,Halo,Destiny,Doom,0,Gaming
236: Which game features the Pikmin creatures?,Pikmin,Super Mario,Zelda,Animal Crossing,0,Gaming
237: What is the best-selling console of all time?,PlayStation 2,Nintendo DS,Game Boy,PlayStation 4,0,Gaming
238: Which game features a character named Master Chief?,Halo,Destiny,Call of Duty,Titanfall,0,Gaming
239: Which game franchise is known for the phrase 'Finish Him'?,Mortal Kombat,Street Fighter,Tekken,Smash Bros.,0,Gaming
240: What year was the first PlayStation released?,1994,1995,1996,1997,0,Gaming
241: Which game introduced the world to Pikachu?,Pokémon Red/Green,Pokémon Gold/Silver,Pokémon Yellow,Pokémon Diamond/Pearl,0,Gaming
242: What is the best-selling Pokémon game?,Pokémon Red/Blue,Pokémon Gold/Silver,Pokémon Sword/Shield,Pokémon Diamond/Pearl,0,Gaming
243: Which company owns the rights to Crash Bandicoot?,Activision,Sony,Naughty Dog,Ubisoft,0,Gaming
244: Which game series features the character Doomguy?,Doom,Quake,Wolfenstein,Duke Nukem,0,Gaming
245: What was the first video game to feature a jump?,Donkey Kong,Super Mario Bros.,Pitfall!,Space Invaders,0,Gaming
246: Which game is known for its 'creeper' enemy?,Minecraft,Terraria,Fortnite,Roblox,0,Gaming
247: Which game features the character 'The Dragonborn'?,Skyrim,Oblivion,Morrowind,World of Warcraft,0,Gaming
248: What does DLC stand for?,Downloadable Content,Digital Licensed Content,Direct Load Content,Data Link Content,0,Gaming
249: Which racing game franchise features the 'Blue Shell'?,Mario Kart,Gran Turismo,Forza,Need for Speed,0,Gaming
250: Which game series stars Henry of Skalitz?,Kingdom Come: Deliverance,The Witcher,Skyrim,Dark Souls,0,Gaming
251: What year was the first Final Fantasy game released?,1987,1990,1985,1992,0,Gaming
252: Which game franchise features the characters Mario and Luigi?,Super Mario,Sonic,Crash Bandicoot,Spyro,0,Gaming
253: Which company developed the Unreal Engine?,Epic Games,Unity Technologies,Valve,Crytek,0,Gaming
254: What is the best-selling game on the Nintendo Switch?,Mario Kart 8 Deluxe,Animal Crossing: New Horizons,Super Smash Bros. Ultimate,The Legend of Zelda: Breath of the Wild,0,Gaming
255: Which game series features a 'Prestige' system?,Call of Duty,Battlefield,Halo,Titanfall,0,Gaming
256: Which game features a character named Aloy?,Horizon Zero Dawn,Tomb Raider,The Last of Us,Assassin's Creed,0,Gaming
257: Which game franchise includes 'Ocarina of Time'?,The Legend of Zelda,Final Fantasy,Chrono Trigger,Elder Scrolls,0,Gaming
258: What is the name of the currency in Fortnite?,V-Bucks,R-Bucks,Fortnite Coins,Gold,0,Gaming
259: Which game series features the reaper enemy called 'Hollows'?,Dark Souls,Elden Ring,Bloodborne,Demon's Souls,0,Gaming
260: Which game won the first ever Game of the Year award at The Game Awards?,Dragon Age: Inquisition,The Witcher 3,Overwatch,God of War,0,Gaming
261: Which game popularized the 'roguelike' genre?,Rogue,Spelunky,The Binding of Isaac,Hades,0,Gaming
262: Which game series features the protagonist named 'Doom Slayer'?,Doom,Quake,Wolfenstein,Serious Sam,0,Gaming
263: Which game is known for its torturous difficulty?,Dark Souls,Candy Crush,FIFA,Animal Crossing,0,Gaming
264: Which game has the most concurrent players on Steam?,PUBG: Battlegrounds,Counter-Strike 2,Dota 2,Lost Ark,0,Gaming
265: Which game series features a character named 'Sephiroth'?,Final Fantasy,Kingdom Hearts,Chrono Cross,Xenogears,0,Gaming
266: What is the name of the Nintendo eShop's currency?,Nintendo Points,Gold Points,E-Shop Credits,Nintendo Coins,1,Gaming
267: Which developer created Dark Souls?,FromSoftware,Bandai Namco,Capcom,Square Enix,0,Gaming
268: Which game features a character named 'Arthur Morgan'?,Red Dead Redemption 2,GTA V,The Witcher 3,Read Dead Revolver,0,Gaming
269: Which game features the character 'Jin Sakai'?,Ghost of Tsushima,Sekiro,Nioh,Way of the Samurai,0,Gaming
270: Which console was Sega's last hardware release?,Dreamcast,Saturn,Genesis,Game Gear,0,Gaming
271: Which game franchise includes 'World of Warcraft'?,Warcraft,Starcraft,Diablo,Overwatch,0,Gaming
272: Which game is played in the 'World Championship' by Riot Games?,League of Legends,Valorant,Dota 2,Overwatch,0,Gaming
273: Which game is known for the tournament 'The International'?,Dota 2,League of Legends,Counter-Strike,Overwatch,0,Gaming
274: Which game has the largest prize pool in eSports history?,Dota 2 (The International),Fortnite World Cup,League of Legends Worlds,CS:GO Major,0,Gaming
275: Which platform is primarily for PC gaming distribution?,Steam,Epic Games Store,GOG,Origin,0,Gaming
276: Which game engine is free and open-source?,Godot,Unreal Engine,Unity,CryEngine,0,Gaming
277: Which game franchise features the character 'Marcus Fenix'?,Gears of War,Halo,Call of Duty,Destiny,0,Gaming
278: Which game is known for its 'Nemesis System'?,Shadow of Mordor,Assassin's Creed,Batman: Arkham,Dishonored,0,Gaming
279: What year was the Xbox 360 released?,2004,2005,2006,2007,1,Gaming
280: Which game features the character 'Bayonetta'?,Bayonetta,Devil May Cry,God of War,Ninja Gaiden,0,Gaming
281: Which game has the slogan 'War. War never changes'?,Fallout,Call of Duty,Battlefield,Spec Ops: The Line,0,Gaming
282: Which game features the character 'Geralt of Rivia'?,The Witcher,Skyrim,Dragon Age,Dark Souls,0,Gaming
283: Which developer created Red Dead Redemption?,Rockstar,Ubisoft,EA,Bethesda,0,Gaming
284: Which game franchise is known as 'Souls-like'?,Dark Souls,Call of Duty,FIFA,Madden,0,Gaming
285: What is the best-selling game on the PlayStation 4?,Spider-Man,God of War,Uncharted 4,The Last of Us Remastered,0,Gaming
286: Which game features a character named 'Ellie'?,The Last of Us,Tomb Raider,Horizon Zero Dawn,Uncharted,0,Gaming
287: Which game features a grappling hook called 'Gear'?,Just Cause,Tomb Raider,Uncharted,Far Cry,0,Gaming
288: Which company owns Blizzard Entertainment?,Activision Blizzard,EA,Tencent,Microsoft,0,Gaming
289: Which game franchise features the character 'Sora'?,Kingdom Hearts,Final Fantasy,Super Smash Bros.,Nier,0,Gaming
290: Which game is known for its 'Battle Pass' monetization?,Fortnite,Apex Legends,Call of Duty,All of the above,3,Gaming
291: Which game series includes 'Resident Evil 2' remake?,Resident Evil,Silent Hill,Dead Space,The Evil Within,0,Gaming
292: Which company developed God of War (2018)?,Santa Monica Studio,Naughty Dog,Insomniac,Sucker Punch,0,Gaming
293: Which game features the character 'Jill Valentine'?,Resident Evil,Tomb Raider,Silent Hill,Dead Space,0,Gaming
294: What year was Roblox released?,2004,2006,2008,2010,1,Gaming
295: Which platform hosts the most indie games?,Steam,Epic Games,Itch.io,GOG,2,Gaming
296: Which game features 'Parkour' mechanics as a core system?,Mirror's Edge,Assassin's Creed,Titanfall,Dying Light,0,Gaming
297: Which game series is known for 'Quick Time Events'?,God of War,Heavy Rain,Resident Evil 4,All of the above,3,Gaming
298: Which game franchise includes 'Sonic the Hedgehog'?,Sonic,Super Mario,Crash Bandicoot,Spyro,0,Gaming
299: Which game features the 'Nemesis' enemy?,Resident Evil 3,Silent Hill 3,Dead Space 3,The Evil Within 2,0,Gaming
300: Which game is known for its 'PvP' mode called 'Wars'?,Clash of Clans,Clash Royale,Boom Beach,Hay Day,0,Gaming
301: Which mobile game is the highest-grossing?,Honor of Kings,PUBG Mobile,Genshin Impact,Candy Crush,0,Gaming
302: Which game features the character 'Kassandra'?,Assassin's Creed Odyssey,Tomb Raider,Horizon Zero Dawn,God of War,0,Gaming
303: Which developer created Cyberpunk 2077?,CD Projekt Red,Rockstar,Ubisoft,Bethesda,0,Gaming
304: What is the best-selling game on Xbox?,Halo 2,Halo 3,GTA V,Minecraft,2,Gaming
305: Which game franchise features 'The Flood' enemies?,Halo,Resident Evil,Dead Space,The Last of Us,0,Gaming
306: Which game was the first to use '3D graphics'?,Wolfenstein 3D,Doom,Quake,Super Mario 64,0,Gaming
307: Which game characters fight in Super Smash Bros.?,Nintendo characters,Sega characters,Third-party characters,All of the above,3,Gaming
308: Which game is based on Celtic mythology?,Hellblade: Senua's Sacrifice,God of War,Assassin's Creed Valhalla,Skyrim,0,Gaming
309: Which game franchise includes 'Dragon Quest'?,Dragon Quest,Final Fantasy,Kingdom Hearts,Persona,0,Gaming
310: Which game features the character '2B'?,Nier: Automata,Bayonetta,Devil May Cry,Astral Chain,0,Gaming
311: Which company makes the Game Boy?,Nintendo,Sega,Sony,Atari,0,Gaming
312: Which game features the 'Covenant' faction?,Halo,Destiny,Star Wars Battlefront,Mass Effect,0,Gaming
313: Which game is known for its 'No Russian' mission?,Call of Duty: Modern Warfare 2,Battlefield 3,Medal of Honor,Spec Ops: The Line,0,Gaming
314: Which game features the 'Vault-Tec' corporation?,Fallout,Bioshock,The Outer Worlds,Half-Life,0,Gaming
315: Which game series is developed by Bungie?,Destiny,Halo,Marathon,All of the above,3,Gaming
316: Which game features the 'The Institute' faction?,Fallout 4,The Elder Scrolls V: Skyrim,Cyberpunk 2077,Deus Ex,0,Gaming
317: Which game features the character 'V' (Cyberpunk)?,Cyberpunk 2077,Deus Ex,Watch Dogs,Far Cry,0,Gaming
318: Which game introduced the 'battle royale' mode to Call of Duty?,Black Ops 4,Warzone,Modern Warfare (2019),Black Ops Cold War,0,Gaming
319: Which game features the 'Sheikah Slate'?,Breath of the Wild,Tears of the Kingdom,Skyward Sword,Twilight Princess,0,Gaming
320: Which game series includes 'Persona 5'?,Persona,Shin Megami Tensei,Final Fantasy,Dragon Quest,0,Gaming
321: Which game features the character 'John Marston'?,Red Dead Redemption,GTA IV,The Witcher,L.A. Noire,0,Gaming
322: Which game has a 'photo mode' that became iconic?,Spider-Man (PS4),God of War,Horizon Zero Dawn,All of the above,3,Gaming
323: Which game franchise features 'Animus' technology?,Assassin's Creed,Watch Dogs,Deus Ex,Crysis,0,Gaming
324: Which game features the character 'Lara Croft'?,Tomb Raider,Uncharted,Horizon Zero Dawn,The Last of Us,0,Gaming
325: Which developer made 'Stardew Valley'?,ConcernedApe,Mojang,Re-Logic,Team Cherry,0,Gaming
326: Which game features 'The Elder Scrolls' world?,Skyrim,Morrowind,Oblivion,All of the above,3,Gaming
327: Which gaming chair brand is most popular among streamers?,Secretlab,DXRacer,Herman Miller,Steelcase,0,Gaming
328: Which game features the character 'Steve'?,Minecraft,Terraria,Roblox,Fortnite,0,Gaming
329: Which game uses a 'loot box' system?,Overwatch,FIFA,CS:GO,All of the above,3,Gaming
330: Which game franchise includes 'Far Cry 3'?,Far Cry,Crysis,Just Cause,Metro,0,Gaming
331: Which game features the character 'Vaas Montenegro'?,Far Cry 3,Just Cause 2,Crysis 2,Metro Last Light,0,Gaming
332: Which game genre is 'Dark Souls'?,Action RPG,First-person shooter,Racing,Simulation,0,Gaming
333: Which game features a character named 'Ezio Auditore'?,Assassin's Creed II,Assassin's Creed,Assassin's Creed Brotherhood,Assassin's Creed Revelations,0,Gaming
334: Which game company is known for its mascot 'Sonic'?,Sega,Nintendo,Sony,Microsoft,0,Gaming
335: Which game is known for 'Candy Crush'?,Candy Crush Saga,Farm Heroes Saga,Pet Rescue Saga,Bubble Witch Saga,0,Gaming
336: Which game features 'Tetris' blocks?,Tetris,Puyo Puyo Tetris,Dr. Mario,Lumines,0,Gaming
337: Which game franchise includes 'Battlefield 1'?,Battlefield,Call of Duty,Medal of Honor,Squad,0,Gaming
338: Which game includes 'The Last of Us Part II'?,The Last of Us,Uncharted,Days Gone,Horizon Zero Dawn,0,Gaming
339: Which company developed 'Elden Ring'?,FromSoftware,Bandai Namco,Team Ninja,Platinum Games,0,Gaming
340: Which game features the character 'Alucard'?,Castlevania: Symphony of the Night,Bloodstained,Dark Souls,Hollow Knight,0,Gaming
341: Which game is known for 'WoW'?,World of Warcraft,Final Fantasy XIV,Guild Wars 2,Elder Scrolls Online,0,Gaming
342: Which game company made 'Half-Life'?,Valve,id Software,Epic Games,Bungie,0,Gaming
343: Which game features a character named 'CJ'?,GTA San Andreas,GTA V,GTA IV,GTA Vice City,0,Gaming
344: Which game franchise includes 'Super Metroid'?,Metroid,Halo,Castlevania,Doom,0,Gaming
345: Which game features a 'glowing mushroom' biome?,Terraria,Minecraft,Stardew Valley,Don't Starve,0,Gaming
346: Which game has the subtitle 'Shadow of the Erdtree'?,Elden Ring,Dark Souls III,Sekiro,Bloodborne,0,Gaming
347: Which game features the character 'Agent 47'?,Hitman,Splinter Cell,Metal Gear Solid,Assassin's Creed,0,Gaming
348: Which game is known for its 'Nemesis' enemy in 1999?,Resident Evil 3,Silent Hill,Dino Crisis,Parasite Eve,0,Gaming
349: Which company created the 'Source' engine?,Valve,Epic Games,id Software,Crytek,0,Gaming
350: Which game features 'The Sims' franchise?,The Sims,SimCity,Cities Skylines,Animal Crossing,0,Gaming
351: What is the largest planet in our solar system?,Saturn,Jupiter,Neptune,Uranus,1,Random
352: Which element has the atomic number 1?,Hydrogen,Helium,Oxygen,Carbon,0,Random
353: What is the hardest natural substance?,Gold,Diamond,Platinum,Titanium,1,Random
354: Which country has the largest population?,India,China,USA,Indonesia,0,Random
355: What is the tallest mountain in the world?,K2,Mount Everest,Kangchenjunga,Makalu,1,Random
356: Which ocean is the smallest?,Arctic,Indian,Atlantic,Southern,0,Random
357: How many bones are in the adult human body?,186,206,226,256,1,Random
358: What is the chemical symbol for gold?,Go,Gd,Au,Ag,2,Random
359: Which country invented paper?,India,Egypt,China,Greece,2,Random
360: What is the speed of sound in air (approx)?,343 m/s,500 m/s,700 m/s,1000 m/s,0,Random
361: Which planet is known as the Morning Star?,Venus,Mars,Mercury,Jupiter,0,Random
362: Which animal is the largest mammal?,Elephant,Blue whale,Giraffe,Hippopotamus,1,Random
363: What is the capital of Australia?,Sydney,Melbourne,Canberra,Perth,2,Random
364: Which scientist developed the theory of relativity?,Newton,Einstein,Hawking,Galileo,1,Random
365: What is the pH of pure water?,5,6,7,8,2,Random
366: Which gas do plants absorb from the atmosphere?,Oxygen,Nitrogen,Carbon Dioxide,Argon,2,Random
367: What is the rarest blood type?,AB-,B-,AB+,O-,0,Random
368: Which continent has the most countries?,Asia,Africa,Europe,South America,1,Random
369: How many teeth does an adult human have?,28,30,32,34,2,Random
370: What is the chemical formula for water?,H2O,CO2,NaCl,O2,0,Random
371: Which planet rotates the fastest?,Jupiter,Saturn,Neptune,Earth,0,Random
372: What is the largest organ inside the human body?,Liver,Heart,Kidney,Lungs,0,Random
373: Which gas makes up most of Earth's atmosphere?,Oxygen,Nitrogen,Carbon Dioxide,Argon,1,Random
374: What is the smallest country in the world?,Monaco,Vatican City,San Marino,Liechtenstein,1,Random
375: Which bird is the fastest?,Peregrine falcon,Swift,Eagle,Hummingbird,0,Random
376: What is the largest desert in the world?,Sahara,Arabian,Gobi,Antarctic,3,Random
377: Which element is essential for combustion?,Oxygen,Hydrogen,Nitrogen,Carbon,0,Random
378: How many sides does a hexagon have?,5,6,7,8,1,Random
379: Which mammal can fly?,Bat,Bird,Squirrel,Flying fox,0,Random
380: What is the SI unit of force?,Newton,Joule,Watt,Pascal,0,Random
381: Which country is famous for the Taj Mahal?,India,Pakistan,Bangladesh,Nepal,0,Random
382: What is the boiling point of water in Celsius?,90,100,110,120,1,Random
383: Which instrument has 88 keys?,Piano,Organ,Harpsichord,Accordion,0,Random
384: Which year did World War II end?,1943,1944,1945,1946,2,Random
385: What is the currency of Japan?,Yuan,Won,Yen,Ringgit,2,Random
386: Which planet is closest to the Sun?,Mercury,Venus,Earth,Mars,0,Random
387: What is the largest lake in the world?,Caspian Sea,Lake Superior,Lake Victoria,Lake Baikal,0,Random
388: Which metal is liquid at room temperature?,Mercury,Lead,Gold,Silver,0,Random
389: What is the chemical symbol for iron?,Ir,Fe,In,I,1,Random
390: How many chromosomes do humans have?,44,46,48,50,1,Random
391: Which country is the largest by area?,Russia,Canada,USA,China,0,Random
392: What is the second most abundant element in the universe?,Oxygen,Carbon,Helium,Nitrogen,2,Random
393: Which vitamin is produced by sunlight?,Vitamin A,Vitamin B,Vitamin C,Vitamin D,3,Random
394: What is the national sport of Canada?,Ice hockey,Lacrosse,Curling,Baseball,1,Random
395: Which animal is the symbol of the World Wildlife Fund?,Tiger,Panda,Elephant,Rhino,1,Random
396: What is the deepest ocean trench?,Mariana Trench,Tonga Trench,Puerto Rico Trench,Java Trench,0,Random
397: Which painter cut off his ear?,Van Gogh,Gauguin,Rembrandt,Monet,0,Random
398: What is the world's longest river?,Nile,Amazon,Yangtze,Mississippi,0,Random
399: Which country has the most time zones?,USA,Russia,France,China,2,Random
400: What is the chemical symbol for silver?,Si,Ag,Sv,Sl,1,Random
401: How many hearts does an octopus have?,1,2,3,4,2,Random
402: Which fruit is the most consumed in the world?,Banana,Apple,Tomato,Grapes,0,Random
403: What is the largest species of shark?,Great white,Whale shark,Tiger shark,Hammerhead,1,Random
404: Which language has the most native speakers?,English,Mandarin,Spanish,Hindi,1,Random
405: What is the freezing point of water in Fahrenheit?,32,0,100,212,0,Random
406: Which planet has the most moons?,Saturn,Jupiter,Neptune,Uranus,0,Random
407: What is the smallest bone in the human body?,Stapes,Incus,Malleus,Femur,0,Random
408: Which country invented basketball?,Canada,USA,UK,Australia,0,Random
409: What is the powerhouse of the cell?,Nucleus,Mitochondria,Ribosome,Golgi apparatus,1,Random
410: Which gas is used in balloons to make them float?,Helium,Hydrogen,Nitrogen,Oxygen,0,Random
411: What is the longest bone in the human body?,Femur,Tibia,Humerus,Spine,0,Random
412: Which country is known as the 'Land of the Rising Sun'?,China,Japan,Korea,Thailand,1,Random
413: What is the chemical symbol for sodium?,So,Na,Sd,Sm,1,Random
414: Which animal is known as the 'King of the Jungle'?,Tiger,Lion,Bear,Wolf,1,Random
415: What is the world's largest island?,Greenland,New Guinea,Borneo,Madagascar,0,Random
416: Which year was the United Nations founded?,1944,1945,1946,1947,1,Random
417: What is the main language spoken in Brazil?,Spanish,Portuguese,French,English,1,Random
418: Which planet has the Great Red Spot?,Jupiter,Saturn,Mars,Neptune,0,Random
419: How many days are in a leap year?,364,365,366,367,2,Random
420: Which element is a noble gas?,Oxygen,Nitrogen,Neon,Chlorine,2,Random
421: What is the capital of Egypt?,Cairo,Alexandria,Luxor,Giza,0,Random
422: Which bird is a symbol of peace?,Eagle,Dove,Raven,Swan,1,Random
423: What is the fastest land animal?,Cheetah,Lion,Gazelle,Horse,0,Random
424: Which invention is credited to Alexander Graham Bell?,Telegraph,Telephone,Radio,Light bulb,1,Random
425: What is the largest continent?,Asia,Africa,North America,Europe,0,Random
426: Which vitamin is found in citrus fruits?,Vitamin A,Vitamin B,Vitamin C,Vitamin D,2,Random
427: How many legs does a spider have?,6,8,10,12,1,Random
428: What is the chemical symbol for potassium?,P,Po,K,Pt,2,Random
429: Which country is the largest oil producer?,USA,Saudi Arabia,Russia,Iraq,0,Random
430: What is the boiling point of water in Fahrenheit?,100,212,32,200,1,Random
431: Which planet is famous for its rings?,Saturn,Jupiter,Neptune,Uranus,0,Random
432: What is the only even prime number?,0,1,2,4,2,Random
433: Which blood type is the universal donor?,A+,B+,O-,AB+,2,Random
434: What is the largest volcano on Earth?,Mauna Loa,Mount Vesuvius,Mount Etna,Krakatoa,0,Random
435: Which country has the most UNESCO World Heritage sites?,Italy,China,Spain,France,0,Random
436: What is the square root of 144?,10,11,12,13,2,Random
437: Which element is needed for strong bones?,Calcium,Iron,Potassium,Magnesium,0,Random
438: What is the highest-grossing film of all time?,Avatar,Avengers: Endgame,Titanic,Star Wars,0,Random
439: Which country invented soccer?,England,Brazil,Italy,USA,0,Random
440: How many planets are in our solar system?,7,8,9,10,1,Random
441: What is the study of fossils called?,Archaeology,Paleontology,Geology,Anthropology,1,Random
442: Which gas makes soda fizzy?,Oxygen,Nitrogen,Carbon dioxide,Hydrogen,2,Random
443: What is the largest carnivorous marsupial?,Tasmanian devil,Koala,Kangaroo,Wombat,0,Random
444: Which country is home to the Amazon rainforest?,Brazil,Colombia,Peru,Venezuela,0,Random
445: What is the SI unit of electric current?,Volt,Ampere,Ohm,Watt,1,Random
446: Which element has the symbol 'Pb'?,Lead,Platinum,Plutonium,Palladium,0,Random
447: What is the world's largest flower?,Rafflesia,Sunflower,Rose,Lotus,0,Random
448: Which country is shaped like a boot?,Spain,Greece,Italy,Portugal,2,Random
449: How many years are in a century?,10,50,100,1000,2,Random
450: What is the chemical formula for table salt?,NaCl,KCl,CaCl2,NaOH,0,Random
451: Which animal is known for its black and white stripes?,Tiger,Zebra,Penguin,Skunk,1,Random
452: What is the capital of Argentina?,Buenos Aires,Santiago,Lima,Bogota,0,Random
453: Which planet has no atmosphere?,Mercury,Mars,Venus,Pluto,0,Random
454: What is the study of weather called?,Meteorology,Climatology,Geology,Ecology,0,Random
455: Which fruit grows on a vine?,Grapes,Apples,Oranges,Bananas,0,Random
456: What is the most abundant gas in the universe?,Hydrogen,Helium,Oxygen,Nitrogen,0,Random
457: Which country has the longest coastline?,Canada,Australia,Russia,Indonesia,0,Random
458: What is the strongest muscle in the human body?,Heart,Gluteus maximus,Masseter,Tongue,2,Random
459: Which element is represented by 'C'?,Calcium,Carbon,Cobalt,Copper,1,Random
460: How many legs does a butterfly have?,4,6,8,10,1,Random
461: Which country invented the printing press?,Germany,China,Korea,Italy,0,Random
462: What is the world's most spoken language by total speakers?,English,Mandarin,Spanish,Hindi,0,Random
463: Which planet is furthest from the Sun?,Neptune,Pluto,Uranus,Saturn,0,Random
464: What is the chemical symbol for zinc?,Zi,Zk,Zn,Zc,2,Random
465: Which dinosaur is known for its three horns?,T-Rex,Triceratops,Stegosaurus,Velociraptor,1,Random
466: What is the smallest bird in the world?,Hummingbird,Sparrow,Finch,Robin,0,Random
467: Which country has the most islands?,Sweden,Norway,Indonesia,Philippines,0,Random
468: What is the freezing point of water in Celsius?,0,32,100,-1,0,Random
469: Which metal is the best conductor of electricity?,Silver,Copper,Gold,Aluminum,0,Random
470: What is the capital of South Korea?,Seoul,Pyongyang,Busan,Incheon,0,Random
471: Which ocean is located between Africa and Australia?,Atlantic,Indian,Pacific,Southern,1,Random
472: How many bones are in the human hand?,19,27,32,25,1,Random
473: Which animal can change its color?,Chameleon,Octopus,Cuttlefish,All of the above,3,Random
474: What is the largest internal organ in the human body?,Liver,Heart,Lungs,Brain,0,Random
475: Which country is the largest coffee producer in Africa?,Ethiopia,Kenya,Uganda,Tanzania,0,Random
476: What is the SI unit of energy?,Joule,Newton,Watt,Pascal,0,Random
477: Which planet is known as the 'Blue Planet'?,Earth,Neptune,Uranus,Saturn,0,Random
478: What is the chemical formula of ozone?,O2,O3,O4,CO2,1,Random
479: Which country is the largest in South America?,Brazil,Argentina,Peru,Colombia,0,Random
480: How many hearts does a worm have?,1,2,5,0,2,Random
481: Which gas produces the greenhouse effect most?,CO2,Methane,Water vapor,CFCs,2,Random
482: What is the largest seed in the world?,Coconut,Coco de mer,Avocado,Mango,1,Random
483: Which element has the highest melting point?,Tungsten,Iron,Gold,Platinum,0,Random
484: What is the study of the universe called?,Astronomy,Astrology,Cosmology,Astrophysics,0,Random
485: Which country has the most pyramids?,Egypt,Mexico,Sudan,Peru,2,Random
486: Which animal has three hearts?,Octopus,Squid,Cuttlefish,All of the above,3,Random
487: What is the second largest planet?,Jupiter,Saturn,Neptune,Uranus,1,Random
488: Which country is known as the 'Emerald Isle'?,Iceland,Ireland,Greenland,Sri Lanka,1,Random
489: What is the chemical symbol for lead?,Le,Ld,Pb,Pt,2,Random
490: How many millimeters in a centimeter?,5,10,100,1000,1,Random
491: Which fruit is the largest?,Watermelon,Pumpkin,Coconut,Jackfruit,3,Random
492: What is the oldest civilization in the world?,Mesopotamia,Egypt,Indus Valley,China,0,Random
493: Which planet is known as the 'Red Planet'?,Mars,Venus,Mercury,Jupiter,0,Random
494: What is the primary ingredient of bread?,Flour,Rice,Corn,Potato,0,Random
495: Which country has the largest railway network?,USA,Russia,China,India,2,Random
496: What is the deepest lake in the world?,Lake Baikal,Lake Tanganyika,Caspian Sea,Lake Michigan,0,Random
497: Which element is used in pencils?,Carbon,Lead,Graphite,Clay,2,Random
498: What is the smallest continent?,Australia,Europe,Antarctica,South America,0,Random
499: Which country is known as the 'Land of Fire and Ice'?,Iceland,Norway,New Zealand,Chile,0,Random
500: What is the most common blood type?,A+,O+,B+,AB+,1,Random
